{
	"name": "Solarized dark",
	"groups": {
		"information:additional":  { "fg": "solarized:base2", "bg": "solarized:base01", "attrs": [] },
		"information:regular":     { "fg": "solarized:base3", "bg": "solarized:base01", "attrs": ["bold"] },
		"information:highlighted": { "fg": "solarized:base3", "bg": "solarized:base01", "attrs": ["bold"]},
		"information:priority":    { "fg": "solarized:base3", "bg": "solarized:yellow", "attrs": [] },
		"warning:regular":         { "fg": "solarized:base3", "bg": "solarized:red", "attrs": [] },
		"critical:failure":        { "fg": "solarized:base3", "bg": "solarized:red", "attrs": [] },
		"critical:success":        { "fg": "solarized:base3", "bg": "solarized:green", "attrs": [] },
		"background":              { "fg": "solarized:base3", "bg": "solarized:base02", "attrs": [] },
		"background:divider":      { "fg": "solarized:base1", "bg": "solarized:base02", "attrs": [] },
		"user":                    { "fg": "solarized:base3", "bg": "solarized:blue", "attrs": ["bold"] },
		"virtualenv":              { "fg": "solarized:base3", "bg": "solarized:green", "attrs": [] },
		"branch":                  { "fg": "solarized:base1", "bg": "solarized:base02", "attrs": [] },
		"branch_dirty":            { "fg": "solarized:yellow", "bg": "solarized:base02", "attrs": [] },
		"branch_clean":            { "fg": "solarized:base1", "bg": "solarized:base02", "attrs": [] },
		"stash":                   "branch_dirty",
		"email_alert_gradient":    { "fg": "solarized:base3", "bg": "yellow_orange_red", "attrs": [] },
		"email_alert":             "warning:regular",
		"cwd":                     "information:additional",
		"cwd:current_folder":      "information:regular",
		"cwd:divider":             { "fg": "solarized:base1", "bg": "solarized:base01", "attrs": [] },
		"network_load":            { "fg": "solarized:base1", "bg": "solarized:base03", "attrs": [] },
		"network_load:divider":    { "fg": "solarized:base1", "bg": "solarized:base03", "attrs": [] },
		"hostname":                { "fg": "solarized:base3", "bg": "solarized:base01", "attrs": [] },
		"environment":             { "fg": "solarized:base3", "bg": "solarized:green", "attrs": [] },
		"attached_clients":        { "fg": "solarized:base3", "bg": "solarized:green", "attrs": [] },
		"date":                    { "fg": "solarized:base1", "bg": "solarized:base02", "attrs": [] },
		"time":                    { "fg": "solarized:base1", "bg": "solarized:base02", "attrs": ["bold"] },
		"time:divider":            { "fg": "solarized:base1", "bg": "solarized:base02", "attrs": [] },
		"system_load":             { "fg": "solarized:base1", "bg": "solarized:base03", "attrs": [] },
		"weather_temp_gradient":   { "fg": "blue_red", "bg": "solarized:base03", "attrs": [] },
		"weather":                 { "fg": "solarized:base1", "bg": "solarized:base03", "attrs": [] },
		"uptime":                  { "fg": "solarized:base1", "bg": "solarized:base03", "attrs": [] }
	}
}
